speed,error,reliability,probability,gyro/ferry, abs_pos,rel_pos,abs_heading,rel_heading,displacement
*,*,<1,*,!good_heading, 2,0,0,0,0
*,*,<1,*,*,            2,0,1,0,0  # no reliable history
*,*,*,*,gyro,          0,2,1,1,1  # gyro input (no absolute positioning)

# non-gyro input with reliable history
<30,*,*,*,at_turn,     0,1,0,0,3  # driving slow near a turn in the planned route
*,*,*,*,!good_heading, 2,1,0,0,1
<15,*,*,*,*,           3,0,1,0,1
<60,*,*,*,*,           2,1,1,1,1
*,*,*,*,*,             2,1,2,2,1

speed,error,reliability,probability,gyro/ferry, error_mode,min_error,max_error
*,*,*,*,ferry,  fixed,1000,1000
*,*,*,*,!gyro,  auto,20,500
*,*,*,*,*,      reported,10,1000
