speed,error,reliability,probability,gyro/ferry, abs_pos,rel_pos,abs_heading,rel_heading,displacement
*,*,<1,*,*,          2,0,1,0,0  # no reliable history
*,*,*,*,roundabout,  4,0,1,0,0  # only use absolute positioning in roundabouts
#<30,*,*,*,at_turn,   0,1,0,0,3  # driving slow near a turn in the planned route

*,<50,*,*,sensors,   4,2,4,1,2  # gyro input (with or without gps)
*,<200,*,*,sensors,  2,2,4,1,2
*,*,*,*,sensors,     0,2,4,1,2

<10,*,*,*,!sensors,  3,0,0,0,1 # gps only
<20,*,*,*,!sensors,  3,0,2,0,1
*,*,*,*,!sensors,    3,0,3,0,1

speed,error,reliability,probability,gyro/ferry, error_mode,min_error,max_error
*,*,*,*,ferry,  fixed,1000,1000
#*,*,*,*,motorway,reported,20,1000
*,*,*,*,!sensors,      auto,10,10
*,*,*,*,*,      reported,15,1000

ipc_frc, ipc_smt, ipc_etc, nng_fow,   nng_frc, weight, flags
*,       1,       *,       *,         *,       1000,   etcgate
*,       2,       *,       !1|5-6|23, *,       500,    smtrepeat
*,       3,       *,       1|5-6|23,  *,       500,    smtrepeat
*,       4,       *,       1|5-6|23,  *,       500,    -
