category_code, category_name
0,accident_with_expected_level
1,look_at_accident_with_expected_level
2,shed_load_with_expected_level
3,overturned_vehicle_with_expected_level
4,broken_down_vehicle_with_expected_level
5,closed_ahead_with_expected_level
6,blocked_ahead_with_expected_level
7,lane_closed_with_expected_level
8,carriageway_reduced_with_expected_level
9,level_of_service
10,accident_with_level
11,look_at_accident_with_level
12,shed_load_with_level
13,overturned_vehicle_with_level
14,earlier_accident_with_level
15,broken_down_vehicle_with_level
16,closed_ahead_with_level
17,blocked_ahead_with_level
18,lane_closed_with_level
19,contraflow_with_level
20,narrow_lanes_with_level
21,contraflow_with_narrow_lanes_with_level
22,roadworks_with_level
23,flooding_with_level
24,major_event_with_level
25,security_alert_with_level
26,traffic_lights_problem_with_level
27,level_crossing_failure_with_level
28,expected_level_of_service
29,level_crossing_failure_with_expected_level
30,major_events_with_expected_level
31,accident
32,broken_down_vehicle
33,contraflow
34,closure
35,lane_closure
36,contraflow_with_lane_closure
37,roadworks_with_lane_closure
38,subsidence_with_lane_closure
39,snow_with_lane_closure
40,accident_with_lane_blocked
41,blocked
42,shed_load_with_lane_blocked
43,overturned_vehicle_with_lane_blocked
44,broken_down_vehicle_with_lane_blocked
45,lane_blocked
46,closure_release
47,exit_restriction
48,entry_restriction
49,special_traffic_restriction
50,carpool_information
51,roadworks
52,obstruction
53,dangerous_situations
54,hazardous_road
55,slippery_road
56,temperature
57,hail_with_visibility
58,storm_with_visibility
59,snow_with_visibility
60,rain_with_visibility
61,visibility
62,other_visibility
63,fog_with_visibility
64,wind
65,air_quality
66,major_event
67,security_alert
68,delay
69,accident_with_delay
70,look_at_accident_with_delay
71,shed_load_with_delay
72,overturned_vehicles_with_delay
73,broken_down_vehicle_delay
74,closed_ahead_with_delay
75,blocked_ahead_with_delay
76,roadworks_with_delay
77,flooding_with_delay
78,water_gas_fire_with_delay
79,major_event_with_delay
80,security_alert_with_delay
81,police_with_delay
82,heavy_vehicle_with_delay
83,abnormal_load_with_delay
84,convoy_with_delay
85,traffic_lights_problem_with_delay
86,level_crossing_failure_with_delay
87,cancellation
88,travel_time_information
89,dangerous_vehicle
90,exceptional_vehicle
91,traffic_equipment
92,size_and_weight_limit
93,parking_restriction
94,parking
95,audio_broadcast
96,tmc_service
97,tmc_special
98,contraflow_with_expected_level
99,narrow_lanes_with_expected_level
100,contraflow_with_narrow_lanes_with_expected_level
101,roadworks_with_expected_level
102,flooding_with_expected_level
103,traffic_lights_problem_with_expected_level
104,danger
500,free_flow
*0,traffic_problem
*1,stationary_traffic
*2,danger_of_stationary_traffic
*3,queuing_traffic
*4,danger_of_queuing_traffic
*5,long_queues
*6,slow_traffic
*7,heavy_traffic
*8,traffic_heavier_than_normal
*9,traffic_much_heavier_than_normal
*10,traffic_congestion
*11,traffic_congestion_with_speed
*12,traffic_congestion_cleared
*13,traffic_easing
*14,traffic_building_up
*15,traffic_lighter_than_normal
*16,no_problems_to_report
*17,traffic_flowing_freely
*18,heavy_traffic_expected
*19,traffic_problem_expected
*20,normal_traffic_expected
*21,queuing_traffic_expected
*22,stationary_traffic_expected
*23,traffic_congestion_expected
*24,slow_traffic_expected
